﻿{
  "Version": "1.0",
  "Metadata": [
    {
      "ApplicationType": "WindowsApplication",
      "ExecutablePath": {
        "Value": "powerpoint.exe",
        "IsExpression": false
      },
      "Url": null,
      "Arguments": {
        "Value": "D:\\etp_project\\Certficate Template.pptx",
        "IsExpression": false
      },
      "Version": null
    },
    {
      "ApplicationType": "WindowsApplication",
      "ExecutablePath": {
        "Value": "excel.exe",
        "IsExpression": false
      },
      "Url": null,
      "Arguments": {
        "Value": "D:\\etp_project\\Participants.xlsx",
        "IsExpression": false
      },
      "Version": null
    }
  ]
}